tradingDate,open,high,low,close,volume
2023-01-30,111.69,113.15,109.78,111.2,21918217.0
2023-01-31,109.42,112.08,108.81,110.2,15329975.0
2023-02-01,111.86,113.95,110.15,112.82,16622999.0
2023-02-02,112.5,112.53,107.81,109.74,23396932.0
2023-02-03,108.05,109.53,105.81,106.33,15982156.0
2023-02-06,103.82,106.28,103.22,105.45,15337475.0
2023-02-07,106.84,107.35,103.72,105.5,16861658.0
2023-02-08,107.1,107.14,103.55,105.11,14329488.0
2023-02-09,108.5,109.81,107.75,108.46,16281295.0
2023-02-10,105.8,106.64,102.79,103.65,18776035.0
2023-02-13,105.99,106.35,104.15,104.79,17577825.0
2023-02-14,103.55,104.48,101.85,104.22,12978395.0
2023-02-15,102.39,103.44,102.0,103.08,18910236.0
2023-02-16,102.71,104.52,102.03,103.11,21747094.0
2023-02-17,101.0,101.09,99.25,100.01,18121644.0
2023-02-21,96.5,97.63,94.7,95.1,27172733.0
2023-02-22,95.58,95.89,93.55,94.78,24484024.0
2023-02-23,100.1,100.47,92.13,94.16,40482949.0
2023-02-24,90.07,91.68,88.03,89.0,36174519.0
2023-02-27,90.85,91.24,88.9,89.25,25839998.0
2023-02-28,88.46,89.34,87.27,87.79,24597162.0
2023-03-01,92.92,92.92,89.73,89.95,35434898.0
2023-03-02,88.96,90.92,87.97,89.75,25691768.0
2023-03-03,90.11,90.46,88.4,89.7,25834349.0
2023-03-06,89.59,91.3,88.03,89.62,16983867.0
2023-03-07,89.52,90.05,88.2,88.73,14514657.0
2023-03-08,87.39,87.77,86.45,86.95,14721537.0
2023-03-09,85.12,85.69,82.88,83.37,24327736.0
2023-03-10,82.64,84.52,82.33,82.96,18124288.0
2023-03-13,83.01,83.76,81.97,82.9,17848336.0
2023-03-14,82.86,83.91,82.16,83.85,20126118.0
2023-03-15,81.55,82.54,80.15,81.51,21025307.0
2023-03-16,81.46,82.48,80.66,82.22,22923290.0
2023-03-17,84.0,84.16,80.62,81.67,23711626.0
2023-03-20,80.15,81.9,79.48,81.0,19536496.0
2023-03-21,82.46,84.09,82.0,83.7,16529397.0
2023-03-22,84.84,85.39,83.51,83.65,21205371.0
2023-03-23,87.68,88.38,85.26,86.52,26861427.0
2023-03-24,85.87,88.11,85.63,86.9,20349646.0
2023-03-27,87.13,88.22,85.5,86.12,18258302.0
2023-03-28,95.35,99.51,92.06,98.4,118875179.0
2023-03-29,97.59,101.33,96.28,99.92,53695033.0
2023-03-30,101.34,105.05,100.5,103.38,57780699.0
2023-03-31,102.86,103.6,101.13,102.18,28382576.0
2023-04-03,100.89,101.75,97.61,98.39,26888141.0
2023-04-04,98.94,101.47,97.26,100.72,26868408.0
2023-04-05,99.24,100.45,97.66,98.55,20117745.0
2023-04-06,98.53,103.24,98.27,102.74,26849216.0
2023-04-10,100.62,102.83,100.59,101.54,16308327.0
2023-04-11,102.46,102.54,99.2,99.76,19017682.0
2023-04-12,97.82,98.89,93.58,93.84,35515995.0
2023-04-13,95.88,97.19,95.1,96.17,24231741.0
2023-04-14,95.63,96.12,93.84,94.55,14098698.0
2023-04-17,96.74,97.23,95.49,96.42,15714118.0
2023-04-18,99.02,99.17,95.18,95.49,20672320.0
2023-04-19,94.6,94.82,92.95,93.49,18985229.0
2023-04-20,93.35,93.79,90.05,90.74,25533867.0
2023-04-21,89.96,90.19,88.3,89.13,23097341.0
2023-04-24,88.4,88.48,86.04,86.89,22757093.0
2023-04-25,85.32,85.7,82.21,82.92,36441347.0
2023-04-26,85.04,85.22,82.76,82.82,24983000.0
2023-04-27,83.07,84.64,82.64,84.47,24506825.0
2023-04-28,84.18,85.08,83.87,84.69,18109260.0
2023-05-01,84.15,85.28,83.77,84.16,12909246.0
2023-05-02,83.15,83.28,80.65,81.53,20689482.0
2023-05-03,81.31,82.0,80.49,81.48,17759399.0
2023-05-04,82.39,83.13,81.8,82.49,23773830.0
2023-05-05,82.75,83.38,82.03,83.22,17527620.0
2023-05-08,83.63,83.7,82.34,83.31,17392861.0
2023-05-09,80.55,82.66,80.15,82.22,13457351.0
2023-05-10,82.14,84.5,81.77,82.95,16868062.0
2023-05-11,85.43,88.48,84.82,87.89,28104158.0
2023-05-12,86.71,86.71,84.76,85.34,19042794.0
2023-05-15,87.13,88.4,85.83,88.34,23691178.0
2023-05-16,87.11,89.37,87.06,88.76,18177862.0
2023-05-17,88.46,91.43,88.01,90.68,27670688.0
2023-05-18,90.81,91.0,85.0,85.77,60258607.0
2023-05-19,83.85,85.2,83.48,83.98,21571832.0
2023-05-22,85.67,87.48,85.65,86.1,16951329.0
2023-05-23,84.16,84.98,82.7,82.88,19917788.0
2023-05-24,82.17,82.6,80.88,81.21,17045795.0
2023-05-25,80.59,80.71,78.12,78.78,21811561.0
2023-05-26,79.9,81.57,78.4,80.97,16419963.0
2023-05-30,80.12,80.7,78.17,78.67,21209566.0
2023-05-31,79.58,79.67,77.77,79.55,16206283.0
2023-06-01,79.35,84.0,79.35,83.0,23217608.0
2023-06-02,85.08,86.03,84.14,84.27,17616090.0
2023-06-05,83.99,84.57,83.24,84.4,9592699.0
2023-06-06,83.5,87.06,83.37,86.7,18451961.0
2023-06-07,85.72,86.95,85.09,85.28,12886683.0
2023-06-08,85.17,86.95,85.17,86.14,11280953.0
2023-06-09,86.06,86.84,85.07,85.5,12903414.0
2023-06-12,86.01,87.29,85.63,85.86,11575889.0
2023-06-13,87.96,89.22,87.25,87.51,16814142.0
2023-06-14,87.97,90.12,87.71,89.36,21519342.0
2023-06-15,91.46,92.77,90.6,92.2,26570478.0
2023-06-16,94.0,94.29,91.52,92.1,25087713.0
2023-06-20,89.83,90.2,87.32,87.93,23382865.0
2023-06-21,87.38,89.16,86.62,86.77,15159909.0
2023-06-22,86.78,87.32,85.32,86.89,10272698.0
2023-06-23,85.81,85.94,84.37,84.92,14907127.0
2023-06-26,85.32,86.71,85.21,85.47,10808685.0
2023-06-27,86.82,87.62,86.72,87.13,13994520.0
2023-06-28,85.75,85.75,84.38,84.59,14113822.0
2023-06-29,83.39,83.99,83.0,83.55,13362547.0
2023-06-30,83.23,84.23,83.01,83.35,12174290.0
2023-07-03,84.87,85.64,84.0,84.07,11514390.0
2023-07-05,83.98,84.69,82.82,84.3,11203853.0
2023-07-06,83.12,83.95,82.64,83.84,12943666.0
2023-07-07,86.76,91.57,86.63,90.55,46992145.0
2023-07-10,90.05,92.04,89.6,90.56,25401783.0
2023-07-11,91.02,92.32,89.01,91.79,20768841.0
2023-07-12,94.11,95.03,92.55,94.0,24161384.0
2023-07-13,95.03,97.01,94.6,96.61,24021402.0
2023-07-14,95.22,96.09,94.24,94.56,18897112.0
2023-07-17,92.25,93.55,91.04,93.41,17317289.0
2023-07-18,91.54,92.21,90.15,91.2,20249720.0
2023-07-19,93.57,94.71,92.09,92.09,17228055.0
2023-07-20,91.69,93.12,91.35,91.9,14752965.0
2023-07-21,92.89,93.23,91.54,92.17,13899064.0
2023-07-24,92.07,97.47,91.3,96.35,33376076.0
2023-07-25,98.17,98.49,94.61,94.98,25827317.0
2023-07-26,94.95,97.55,94.84,97.14,15833421.0
2023-07-27,97.75,97.99,95.16,95.44,18685523.0
2023-07-28,98.07,101.22,97.96,100.55,31956520.0
2023-07-31,99.79,102.5,99.72,102.16,17726466.0
2023-08-01,99.87,101.16,99.3,100.1,14418435.0
2023-08-02,97.72,97.74,94.56,95.07,19452332.0
2023-08-03,96.71,98.49,96.58,97.58,15462655.0
2023-08-04,97.74,98.49,96.69,96.9,13477295.0
2023-08-07,97.78,97.8,95.03,96.56,13893855.0
2023-08-08,93.51,94.48,92.92,94.22,13504738.0
2023-08-09,96.03,96.3,94.08,94.85,18640070.0
2023-08-10,98.31,101.84,97.12,99.21,53193104.0
2023-08-11,97.34,97.65,94.34,95.72,25222754.0
2023-08-14,94.24,94.45,92.53,93.46,17580971.0
2023-08-15,93.0,93.01,90.74,91.59,14756289.0
2023-08-16,89.63,90.5,88.29,89.12,23292415.0
2023-08-17,91.94,91.95,90.26,90.65,15732323.0
2023-08-18,87.78,88.36,86.86,88.03,20424821.0
2023-08-21,87.6,88.82,87.22,88.57,14167291.0
2023-08-22,89.28,89.49,87.86,88.08,11611582.0
2023-08-23,88.37,90.59,88.31,89.84,12185729.0
2023-08-24,90.49,90.92,89.04,89.11,10684541.0
2023-08-25,89.25,90.04,88.27,89.82,11382199.0
2023-08-28,91.5,92.77,91.29,92.24,14613754.0
2023-08-29,93.45,94.1,92.34,94.03,16927977.0
2023-08-30,92.55,94.25,92.47,93.65,13779899.0
2023-08-31,92.98,93.36,92.16,92.9,13332433.0
2023-09-01,94.55,96.68,94.52,95.01,17470363.0
2023-09-05,94.53,95.39,94.07,94.65,10097585.0
2023-09-06,94.15,95.8,94.13,94.45,10123603.0
2023-09-07,91.64,91.76,88.96,89.97,18667208.0
2023-09-08,89.6,90.3,88.73,90.05,10343582.0
2023-09-11,89.73,90.35,87.71,88.71,15773514.0
2023-09-12,88.19,89.96,88.18,88.3,10262471.0
2023-09-13,87.94,88.29,87.38,87.64,10634898.0
2023-09-14,88.55,88.6,87.44,88.0,8643075.0
2023-09-15,87.77,88.22,86.82,87.07,10147651.0
2023-09-18,86.15,87.17,85.4,87.02,9291628.0
2023-09-19,86.12,87.88,86.08,87.11,9247017.0
2023-09-20,86.97,87.5,85.65,85.74,9228231.0
2023-09-21,83.86,84.78,83.76,84.11,10638859.0
2023-09-22,87.37,88.88,87.11,88.3,22469600.0
2023-09-25,85.88,87.27,85.77,87.22,9897193.0
2023-09-26,86.46,87.07,85.7,85.91,9666610.0
2023-09-27,86.38,86.55,85.3,86.19,7233891.0
2023-09-28,84.89,85.89,84.31,85.54,10093639.0
2023-09-29,87.29,87.95,86.61,86.74,9654824.0
2023-10-02,86.75,87.11,85.89,86.53,8209831.0
2023-10-03,84.5,85.0,83.95,84.54,11448823.0
2023-10-04,84.28,84.54,83.65,84.08,8904691.0
2023-10-05,83.52,83.71,82.45,83.67,10334535.0
2023-10-06,84.25,86.52,84.0,86.06,13423653.0
2023-10-09,83.91,85.21,83.57,84.85,10880041.0
2023-10-10,85.67,87.74,85.57,87.17,13557779.0
2023-10-11,88.01,88.8,87.15,87.78,11111515.0
2023-10-12,87.58,87.67,84.2,84.51,16158058.0
2023-10-13,84.06,85.49,83.75,84.02,10333073.0
2023-10-16,83.7,84.97,82.63,84.31,10075338.0
2023-10-17,82.75,84.36,82.56,83.91,8270035.0
2023-10-18,82.96,83.73,82.76,83.01,9321627.0
2023-10-19,81.48,82.4,81.11,81.61,12624124.0
2023-10-20,80.23,80.86,79.78,79.94,14636224.0
2023-10-23,79.42,80.93,79.02,80.51,12715187.0
2023-10-24,80.45,83.32,80.44,82.87,17925847.0
2023-10-25,81.3,82.0,80.78,81.03,11390178.0
2023-10-26,81.27,83.09,81.2,82.51,13010368.0
2023-10-27,83.87,84.12,82.48,82.82,10795598.0
2023-10-30,83.63,84.24,83.01,83.14,8980455.0
2023-10-31,81.94,82.54,80.88,82.54,12094312.0
2023-11-01,81.71,82.49,81.21,82.48,9549988.0
2023-11-02,83.65,83.98,83.03,83.41,10606319.0
2023-11-03,84.94,86.08,84.5,85.31,15148303.0
2023-11-06,86.55,86.72,85.23,85.36,9786396.0
2023-11-07,84.86,85.66,84.11,85.41,8829376.0
2023-11-08,84.62,85.73,84.48,84.8,8154582.0
2023-11-09,84.58,84.69,82.48,82.73,10885073.0
2023-11-10,82.41,82.87,81.66,82.75,9797571.0
2023-11-13,82.75,83.32,82.08,82.26,11236852.0
2023-11-14,82.76,84.54,82.32,83.87,20897615.0
2023-11-15,86.96,87.83,85.89,87.07,28991019.0
2023-11-16,79.52,80.77,78.23,79.11,63008526.0
2023-11-17,77.02,78.47,76.75,77.6,35580411.0
2023-11-20,76.91,78.75,76.56,78.46,31564894.0
2023-11-21,77.85,79.28,77.6,78.94,20525451.0
2023-11-22,79.28,79.71,78.13,78.96,18982123.0
2023-11-24,78.27,79.07,78.21,78.49,12251659.0
2023-11-27,77.56,79.25,77.09,77.53,18248172.0
2023-11-28,76.56,76.84,75.26,76.74,23682173.0
2023-11-29,75.0,75.46,74.43,74.67,30969099.0
2023-11-30,74.7,74.94,74.01,74.88,17884211.0
2023-12-01,73.12,74.14,72.12,73.99,27998595.0
2023-12-04,72.67,73.58,72.48,73.03,21074948.0
2023-12-05,72.04,72.7,71.92,72.38,19128982.0
2023-12-06,72.36,72.95,71.49,71.49,30394488.0
2023-12-07,71.55,72.37,71.44,72.33,18966685.0
2023-12-08,72.02,72.44,71.83,72.14,16914758.0
2023-12-11,70.49,71.61,70.08,71.37,19719315.0
2023-12-12,71.38,71.96,70.93,71.39,14725908.0
2023-12-13,70.91,71.48,70.12,71.46,21721644.0
2023-12-14,71.47,73.24,71.42,72.51,25199289.0
2023-12-15,74.0,75.55,73.32,74.51,31327519.0
2023-12-18,74.05,74.23,73.21,73.84,17233510.0
2023-12-19,74.4,76.01,74.22,75.39,20939297.0
2023-12-20,74.58,75.3,73.33,73.35,27540228.0
2023-12-21,74.86,76.29,74.35,76.26,20812090.0
2023-12-22,74.5,75.68,74.44,75.28,20004348.0
2023-12-26,76.16,76.97,75.73,75.85,13121280.0
2023-12-27,76.28,76.45,75.41,76.11,14904479.0
2023-12-28,77.23,77.79,76.98,77.24,18937893.0
2023-12-29,77.06,77.64,76.82,77.51,14094635.0
2024-01-02,76.05,76.08,74.51,74.76,21739596.0
2024-01-03,74.33,76.69,74.07,76.59,24444642.0
2024-01-04,75.56,75.72,74.44,74.66,18454887.0
2024-01-05,74.0,74.0,72.86,73.01,21725165.0
2024-01-08,71.25,73.06,70.92,72.88,21999986.0
2024-01-09,71.25,72.12,70.96,72.02,21451778.0
2024-01-10,71.38,71.78,71.05,71.41,19540004.0
2024-01-11,72.55,73.13,71.53,72.38,18095272.0
2024-01-12,72.59,73.43,71.81,71.84,16147285.0
2024-01-16,70.13,70.53,69.3,69.46,27606901.0
2024-01-17,67.72,69.0,67.26,68.93,22684440.0
2024-01-18,68.6,69.08,68.0,68.05,19306968.0
2024-01-19,67.2,69.91,66.92,69.42,34547701.0
2024-01-22,67.28,68.74,66.63,68.63,27294183.0
2024-01-23,72.76,74.5,72.55,74.02,53017674.0
2024-01-24,75.29,75.62,74.22,75.2,36503319.0
2024-01-25,75.19,75.5,73.56,73.85,23268568.0
2024-01-26,73.1,74.72,72.92,74.01,19418234.0
2024-01-29,74.67,74.81,72.83,73.58,17537439.0
2024-01-30,72.46,73.07,72.08,72.32,17089647.0
2024-01-31,71.5,72.94,71.5,72.17,15743608.0
2024-02-01,73.16,73.47,72.12,72.46,14445829.0
2024-02-02,72.13,72.23,71.05,71.85,18824232.0
2024-02-05,72.17,75.15,71.86,74.63,27721028.0
2024-02-06,77.05,78.34,75.73,78.23,39361024.0
2024-02-07,74.56,76.17,73.15,73.64,53766279.0
2024-02-08,71.89,73.2,70.65,70.78,33070577.0
2024-02-09,70.8,72.08,70.0,72.02,18998382.0
2024-02-12,72.31,74.13,72.31,73.14,18151149.0
2024-02-13,71.96,73.03,71.42,71.6,13560582.0
2024-02-14,72.31,73.41,72.23,73.39,12817470.0
2024-02-15,73.22,74.14,73.08,73.82,12078127.0
2024-02-16,74.86,75.37,73.9,73.91,16393336.0
2024-02-20,73.46,73.67,72.18,73.14,14353321.0
2024-02-21,74.48,76.39,74.07,75.58,23533800.0
2024-02-22,75.1,76.38,75.0,76.12,14836613.0
2024-02-23,76.48,76.94,75.15,75.96,12301721.0
2024-02-26,75.62,76.57,75.34,76.51,13973149.0
2024-02-27,77.53,78.05,77.25,77.68,14490200.0
2024-02-28,76.02,76.18,74.45,74.59,16905340.0
2024-02-29,74.68,75.04,73.8,74.03,12549172.0
2024-03-01,74.48,75.09,74.37,74.62,11980147.0
2024-03-04,73.73,73.73,71.7,72.0,19550071.0
2024-03-05,71.25,72.71,71.04,72.07,15804478.0
2024-03-06,74.2,74.72,73.61,73.71,19785292.0
2024-03-07,72.6,72.76,71.76,72.54,12374675.0
2024-03-08,72.81,73.76,72.76,73.55,16430409.0
2024-03-11,74.63,76.06,74.55,74.86,13510363.0
2024-03-12,75.87,76.48,75.22,76.06,13314717.0
2024-03-13,75.94,77.45,75.94,76.39,15319792.0
2024-03-14,75.24,75.39,73.23,73.4,18923480.0
2024-03-15,73.58,74.13,73.39,73.42,10233671.0
2024-03-18,73.42,74.02,73.33,73.52,8542538.0
2024-03-19,73.08,73.74,72.85,73.42,8164247.0
2024-03-20,73.55,74.33,73.3,74.18,11123241.0
2024-03-21,74.3,74.74,73.77,73.83,11860655.0
2024-03-22,72.48,72.62,72.04,72.13,12771525.0
2024-03-25,71.94,72.49,71.36,71.46,12422139.0
2024-03-26,71.84,71.87,71.09,71.48,10881917.0
2024-03-27,70.89,71.69,70.58,71.59,13281277.0
2024-03-28,72.08,72.59,72.06,72.36,14073414.0
2024-04-01,73.24,73.58,72.81,73.37,14311746.0
2024-04-02,72.57,73.14,72.51,72.88,17290351.0
2024-04-03,72.42,72.87,72.11,72.44,11777913.0
2024-04-04,72.98,73.23,71.9,71.95,11087058.0
2024-04-05,71.68,72.03,71.41,71.66,12260274.0
2024-04-08,71.96,72.39,71.56,71.71,10560049.0
2024-04-09,72.37,73.24,72.31,72.99,14075949.0
2024-04-10,74.44,75.17,73.74,74.59,20572164.0
2024-04-11,75.22,75.43,74.37,74.85,14986818.0
2024-04-12,72.94,72.98,71.29,71.29,18231428.0
2024-04-15,71.73,72.05,70.17,70.62,15903893.0
2024-04-16,70.02,70.31,69.29,69.61,17478883.0
2024-04-17,69.71,70.01,68.72,68.82,12760587.0
2024-04-18,69.09,69.63,68.8,68.88,9491021.0
2024-04-19,68.42,69.15,68.36,69.07,13084098.0
2024-04-22,69.69,70.9,69.12,70.68,15015564.0
2024-04-23,71.08,72.8,70.99,72.51,15268166.0
2024-04-24,73.74,74.7,73.5,74.63,16375157.0
2024-04-25,73.81,75.2,73.81,75.11,11921914.0
2024-04-26,76.19,76.93,75.06,75.55,14216073.0
2024-04-29,75.65,76.53,75.22,76.41,13226204.0
2024-04-30,75.89,76.29,74.48,74.85,12855978.0
2024-05-01,74.99,76.25,74.87,75.51,10568660.0
2024-05-02,77.59,81.42,77.16,80.33,36663857.0
2024-05-03,81.27,81.37,79.7,81.33,19355807.0
2024-05-06,81.76,82.22,80.5,81.55,11826084.0
2024-05-07,79.93,79.93,78.82,79.37,14589103.0
2024-05-08,77.92,78.99,77.81,78.46,11327088.0
2024-05-09,79.5,79.92,78.71,79.46,9627274.0
2024-05-10,80.08,80.52,79.77,80.04,10819572.0
2024-05-13,82.71,85.0,82.6,84.6,32010693.0
2024-05-14,79.65,80.51,77.72,79.51,44687713.0
2024-05-15,80.39,81.13,79.78,80.99,17803260.0
2024-05-16,81.96,87.49,81.65,86.7,47259474.0
2024-05-17,87.6,90.46,86.83,88.54,35152879.0
2024-05-20,87.47,89.24,86.95,88.28,16737222.0
2024-05-21,86.52,87.17,85.32,86.13,16512390.0
2024-05-22,84.61,85.13,82.68,82.68,19717820.0
2024-05-23,81.43,82.94,80.05,80.8,23930255.0
2024-05-24,80.5,82.56,79.73,81.26,41456371.0
2024-05-28,80.8,81.72,80.04,80.58,15211752.0
2024-05-29,78.76,79.36,78.23,79.06,18448528.0
2024-05-30,78.86,80.2,78.7,79.63,13895740.0
2024-05-31,77.96,78.5,77.17,78.34,20023892.0
2024-06-03,79.0,79.32,77.22,77.9,14244431.0
2024-06-04,78.18,78.86,77.78,78.45,10784382.0
2024-06-05,78.98,79.94,78.86,79.83,13716208.0
2024-06-06,79.42,80.06,78.76,80.01,11205277.0
2024-06-07,78.95,79.32,78.14,78.41,12190292.0
2024-06-10,78.57,79.74,78.24,79.3,9490137.0
2024-06-11,79.0,79.08,77.67,77.9,11108400.0
2024-06-12,78.75,78.79,77.64,78.04,12069553.0
2024-06-13,76.5,76.99,75.49,75.68,14026743.0
2024-06-14,74.21,74.29,73.26,73.35,18282714.0
2024-06-17,74.03,75.08,73.83,74.55,13521132.0
2024-06-18,74.08,75.1,73.85,74.46,10305285.0
2024-06-20,74.57,75.25,74.03,74.35,9709377.0
2024-06-21,73.79,74.65,73.67,73.67,10410815.0
2024-06-24,74.12,75.94,74.12,74.79,20134412.0
2024-06-25,74.5,74.76,73.61,73.79,16986435.0
2024-06-26,73.93,74.35,73.67,74.17,7010071.0
2024-06-27,73.46,73.55,72.35,72.37,11865132.0
2024-06-28,72.37,72.56,71.8,72.0,10334974.0
2024-07-01,72.51,73.02,72.02,72.18,9034233.0
2024-07-02,72.32,73.78,71.97,73.68,13419140.0
2024-07-03,74.18,75.81,74.18,75.57,11768517.0
2024-07-05,74.67,74.72,73.61,74.52,14928681.0
2024-07-08,73.61,73.71,72.95,73.5,10919434.0
2024-07-09,74.01,76.06,73.97,75.7,14516557.0
2024-07-10,75.28,76.66,75.25,76.01,12235165.0
2024-07-11,77.66,78.83,77.42,78.52,18896930.0
2024-07-12,80.3,81.01,79.43,79.65,14857248.0
2024-07-15,78.09,78.6,77.45,78.01,12614928.0
2024-07-16,77.29,78.58,76.98,78.38,12304469.0
2024-07-17,77.86,77.95,76.49,77.04,10815545.0
2024-07-18,77.36,78.32,76.36,76.54,11108627.0
2024-07-19,75.66,76.05,75.18,75.27,7557264.0
2024-07-22,76.83,77.19,76.26,76.64,9166842.0
2024-07-23,75.68,76.32,75.44,76.1,7997100.0
2024-07-24,76.15,77.06,75.72,75.8,7924719.0
2024-07-25,75.37,76.22,75.13,75.4,8172638.0
2024-07-26,75.26,76.77,74.55,76.53,10884540.0
2024-07-29,78.46,79.4,78.21,78.62,17364101.0
2024-07-30,78.22,78.79,77.7,78.0,8431939.0
2024-07-31,79.33,80.02,78.34,78.85,12178625.0
2024-08-01,78.77,79.36,77.84,77.98,8559620.0
2024-08-02,76.79,77.47,75.77,77.45,10808700.0
2024-08-05,74.03,77.26,73.87,76.98,16143300.0
2024-08-06,76.51,78.85,76.51,77.9,12128907.0
2024-08-07,78.92,78.94,77.46,77.83,9693911.0
2024-08-08,78.85,80.31,78.75,80.31,14004330.0
2024-08-09,79.97,80.22,79.19,79.99,7755900.0
2024-08-12,80.59,81.5,80.23,80.91,12127711.0
2024-08-13,80.97,81.4,80.68,81.1,9365727.0
2024-08-14,80.55,80.98,78.07,79.47,18058100.0
2024-08-15,77.9,81.88,77.74,79.54,31619400.0
2024-08-16,82.05,84.16,81.98,83.18,25249200.0
2024-08-19,83.98,84.9,83.49,83.91,14751000.0
2024-08-20,82.46,82.6,80.78,81.04,17880100.0
2024-08-21,81.85,83.8,81.71,83.53,14690000.0
2024-08-22,83.5,83.79,81.83,82.96,9729000.0
2024-08-23,84.9,85.79,84.36,85.41,17318000.0
2024-08-26,81.89,82.31,80.37,81.76,29321700.0
2024-08-27,82.27,82.65,81.27,81.45,9026100.0
2024-08-28,81.13,81.28,79.21,79.62,14024406.0
2024-08-29,81.24,81.47,80.46,81.02,14154200.0
2024-08-30,84.72,84.75,82.58,83.34,20027304.0
2024-09-03,81.78,83.02,81.7,82.27,11638200.0
2024-09-04,82.87,83.4,82.3,82.47,11114100.0
2024-09-05,82.11,83.01,82.0,82.43,8461044.0
2024-09-06,82.12,82.62,81.17,81.18,11712700.0
2024-09-09,80.93,81.63,80.32,81.44,10434425.0
2024-09-10,83.8,84.3,82.72,83.8,15327800.0
2024-09-11,83.58,84.84,83.5,84.81,11551734.0
2024-09-12,85.03,85.68,84.86,85.49,10781344.0
2024-09-13,84.39,84.89,83.82,84.69,8985500.0
2024-09-16,84.04,84.38,83.26,83.6,11298241.0
2024-09-17,84.82,85.77,84.63,84.7,10113900.0
2024-09-18,84.85,85.0,84.04,84.42,7858842.0
2024-09-19,87.63,88.57,86.95,88.49,18618400.0
2024-09-20,89.22,89.52,88.05,88.29,12277036.0
2024-09-23,89.47,91.15,89.32,90.09,19744100.0
2024-09-24,96.07,97.5,94.4,97.19,47423200.0
2024-09-25,94.38,96.18,94.06,95.46,18816624.0
2024-09-26,102.69,105.97,101.76,105.07,67261624.0
2024-09-27,105.97,109.43,105.73,107.33,50075200.0
2024-09-30,111.72,112.22,106.11,106.12,58695541.0
2024-10-01,106.42,112.79,106.15,112.74,44505025.0
2024-10-02,115.31,116.57,112.22,115.25,53732816.0
2024-10-03,110.9,114.09,110.63,112.84,29267000.0
2024-10-04,115.67,115.73,113.75,114.53,25699080.0
2024-10-07,117.45,117.82,113.37,117.52,38404022.0
2024-10-08,110.1,110.76,108.04,109.68,37414400.0
2024-10-09,105.8,109.38,105.62,107.89,28793000.0
2024-10-10,108.98,110.84,107.48,109.28,19736630.0
2024-10-11,108.05,111.05,107.22,110.14,18042614.0
2024-10-14,108.31,110.08,106.92,107.81,21351601.0
2024-10-15,103.99,104.41,101.64,101.84,28942615.0
2024-10-16,102.51,103.85,101.78,102.17,16432600.0
2024-10-17,101.25,101.45,99.55,100.07,15808247.0
2024-10-18,103.37,103.37,101.66,102.43,20824610.0
2024-10-21,100.48,101.65,100.12,100.91,10328625.0
2024-10-22,100.01,101.89,99.8,100.4,20650129.0
2024-10-23,100.17,100.22,97.74,98.0,13638200.0
2024-10-24,96.79,97.41,95.52,96.36,13602900.0
2024-10-25,98.3,98.9,97.05,97.42,16977100.0
2024-10-28,99.03,101.05,98.78,99.93,16044400.0
2024-10-29,101.45,101.45,99.53,99.83,13685400.0
2024-10-30,98.22,99.8,97.58,98.7,10179903.0
2024-10-31,97.8,98.1,96.76,97.98,8379347.0
2024-11-01,98.22,98.3,97.42,97.58,8501018.0
2024-11-04,98.82,99.88,98.36,98.4,8681900.0
2024-11-05,99.97,101.09,98.96,99.21,10804200.0
2024-11-06,95.8,97.32,94.76,96.73,18162900.0
2024-11-07,99.26,101.1,99.18,100.14,16340404.0
2024-11-08,96.11,96.38,93.69,94.19,24879800.0
2024-11-11,96.16,96.8,95.05,95.42,12556730.0
2024-11-12,92.68,93.33,91.03,91.78,21641900.0
2024-11-13,92.55,92.87,91.28,92.0,12874522.0
2024-11-14,90.89,91.56,90.01,90.58,16946800.0
2024-11-15,90.2,90.7,87.23,88.59,31018300.0
2024-11-18,88.9,89.5,87.85,89.35,13513838.0
2024-11-19,87.16,87.94,86.82,87.11,19289022.0
2024-11-20,87.04,87.54,86.5,86.77,15174535.0
2024-11-21,86.98,87.04,85.45,85.58,15869218.0
2024-11-22,83.6,83.68,82.64,83.13,24999202.0
2024-11-25,84.25,85.88,83.75,85.58,15120100.0
2024-11-26,85.82,86.08,84.86,85.18,10241500.0
2024-11-27,86.97,87.54,86.47,86.59,13607643.0
2024-11-29,86.42,87.49,85.97,87.37,7553510.0
2024-12-02,86.94,87.0,85.27,85.95,16537213.0
2024-12-03,86.01,86.64,85.38,85.68,13660713.0
2024-12-04,85.95,85.99,84.27,84.93,13613702.0
2024-12-05,84.8,85.1,83.93,84.15,12979600.0
2024-12-06,86.01,86.69,85.9,85.93,11751505.0
2024-12-09,92.01,94.12,91.83,92.32,32767317.0
2024-12-10,89.79,90.56,89.5,89.83,13859200.0
2024-12-11,88.9,89.17,88.0,88.98,9866019.0
2024-12-12,89.04,90.0,88.49,89.23,9951200.0
2024-12-13,88.19,88.39,87.24,87.82,11608633.0
2024-12-16,85.96,86.92,85.87,86.06,13216622.0
2024-12-17,85.5,87.6,85.4,87.15,13288728.0
2024-12-18,86.39,87.22,84.83,85.0,11319500.0
2024-12-19,85.0,85.39,84.24,84.31,13795127.0
2024-12-20,82.21,83.0,81.7,82.28,21270510.0
2024-12-23,82.85,85.31,82.77,85.14,20055113.0
2024-12-24,85.7,85.89,85.0,85.52,5235414.0
2024-12-26,85.72,87.27,85.56,86.08,12016516.0
2024-12-27,84.89,85.27,84.29,85.06,8629400.0
2024-12-30,84.17,84.95,83.53,84.13,10731000.0
2024-12-31,84.42,85.35,84.42,84.79,7415000.0
2025-01-02,84.39,85.43,84.2,84.95,10635704.0
2025-01-03,85.1,85.55,84.76,85.54,7689521.0
2025-01-06,86.55,87.36,85.08,85.52,18077138.0
2025-01-07,84.31,85.11,83.78,84.48,11144100.0
2025-01-08,83.09,83.79,82.72,83.69,9661837.0
2025-01-10,82.25,82.25,80.4,80.53,15393900.0
2025-01-13,80.15,81.08,80.06,80.54,10726627.0
2025-01-14,82.39,82.65,81.49,81.68,8773700.0
2025-01-15,82.63,82.79,82.15,82.44,11655722.0
2025-01-16,82.02,82.59,81.82,82.43,7566500.0
2025-01-17,83.2,85.59,83.03,85.12,21132400.0
2025-01-21,86.87,86.9,84.92,85.38,17099520.0
2025-01-22,85.0,86.54,84.42,86.4,10354800.0
2025-01-23,85.8,86.2,84.96,86.1,9225628.0
2025-01-24,86.71,89.19,86.48,89.14,18791000.0
2025-01-27,90.59,91.43,89.22,89.99,25999800.0
2025-01-28,90.94,96.43,89.9,96.03,31296300.0
2025-01-29,99.39,101.28,96.45,96.72,75053000.0
